tissue,snp,chr,pos,ea,oa,beta,se
Whole_Blood,rs1,1,1000,A,G,0.02,0.06
Whole_Blood,rs2,1,1100,C,T,0.05,0.06
Whole_Blood,rs3,1,1200,A,T,0.10,0.06
Whole_Blood,rs4,1,1300,G,C,0.18,0.06
Whole_Blood,rs5,1,1400,A,G,0.27,0.06
Whole_Blood,rs6,1,1500,T,C,0.34,0.06
Whole_Blood,rs7,1,1600,A,G,0.25,0.06
Whole_Blood,rs8,1,1700,C,A,0.16,0.06
Whole_Blood,rs9,1,1800,T,G,-0.07,0.06
Whole_Blood,rs10,1,1900,A,C,0.05,0.06
Whole_Blood,rs11,1,2000,T,G,0.03,0.06
Whole_Blood,rs12,1,2100,C,T,0.06,0.06
Liver,rs1,1,1000,A,G,0.03,0.06
Liver,rs2,1,1100,C,T,0.14,0.06
Liver,rs3,1,1200,A,T,0.33,0.06
Liver,rs4,1,1300,G,C,0.12,0.06
Liver,rs5,1,1400,A,G,0.05,0.06
Liver,rs6,1,1500,T,C,0.04,0.06
Liver,rs7,1,1600,A,G,0.03,0.06
Liver,rs8,1,1700,C,A,0.05,0.06
Liver,rs9,1,1800,G,T,0.02,0.06
Liver,rs10,1,1900,A,C,0.04,0.06
Liver,rs11,1,2000,T,G,0.03,0.06
Liver,rs12,1,2100,A,G,0.02,0.06
Brain,rs1,1,1000,A,G,0.02,0.06
Brain,rs2,1,1100,C,T,0.03,0.06
Brain,rs3,1,1200,A,T,0.05,0.06
Brain,rs4,1,1300,G,C,0.02,0.06
Brain,rs5,1,1400,A,G,0.04,0.06
Brain,rs6,1,1500,T,C,0.06,0.06
Brain,rs7,1,1600,A,G,0.03,0.06
Brain,rs8,1,1700,C,A,0.02,0.06
Brain,rs9,1,1800,G,T,0.05,0.06
Brain,rs10,1,1900,A,C,0.03,0.06
Brain,rs11,1,2000,T,G,0.04,0.06
Brain,rs12,1,2100,A,G,0.02,0.06
